faculty_id,faculty_name,instructor_as_listed,section_id,course,section,title,session,course_display,meeting,days,days_display,start_time,end_time,times_display,room,credits,enrollment,note
CT01,Anthony Adedoyin,"Adedoyin, Anthony",CTEC 350.170,CTEC 350,170,Prin & Meth of Intru Det & Pre,7R1,CTEC 350.170 Prin & Meth of Intru Det & Pre,Scheduled,MW,Monday & Wednesday,4:00 PM,6:50 PM,Monday & Wednesday 4:00 PM to 6:50 PM,108,3,22,
CT01,Anthony Adedoyin,"Adedoyin, Anthony",CTEC 435.170,CTEC 435,170,UNIX System Administration,7R1,CTEC 435.170 UNIX System Administration,Scheduled,MW,Monday & Wednesday,7:00 PM,9:50 PM,Monday & Wednesday 7:00 PM to 9:50 PM,108,3,13,
CT01,Anthony Adedoyin,"Adedoyin, Anthony",CTEC 350.180,CTEC 350,180,Prin & Meth of Intru Det & Pre,7R2,CTEC 350.180 Prin & Meth of Intru Det & Pre,Scheduled,MW,Monday & Wednesday,4:00 PM,6:50 PM,Monday & Wednesday 4:00 PM to 6:50 PM,108,3,18,
CT02,Ruth Agada,Ruth Agada,CTEC 402.180,CTEC 402,180,Software and OS Security,7R2,CTEC 402.180 Software and OS Security,Scheduled,MW,Monday & Wednesday,7:00 PM,9:50 PM,Monday & Wednesday 7:00 PM to 9:50 PM,Online,3,14,
CT02,Ruth Agada,Ruth Agada,CTEC 435.180,CTEC 435,180,UNIX System Administration,7R2,CTEC 435.180 UNIX System Administration,Scheduled,MW,Monday & Wednesday,7:00 PM,9:50 PM,Monday & Wednesday 7:00 PM to 9:50 PM,108,3,6,
CT02,Ruth Agada,Ruth Agada,CTEC 711.555,CTEC 711,555,IoT Capstone I,7R2,CTEC 711.555 IoT Capstone I,TBA,,,,,TBA *,Online,3,4,Invalid time in source: 5:00 PM-5:00 PM
CT03,P. Agboli,"Agboli, P.",CTEC 120.171,CTEC 120,171,Prin of SecureCoding Using Jav,7R1,CTEC 120.171 Prin of SecureCoding Using Jav,Scheduled,MW,Monday & Wednesday,5:00 PM,7:00 PM,Monday & Wednesday 5:00 PM to 7:00 PM,201/112,4,11,
CT03,P. Agboli,"Agboli, P.",CTEC 300.170,CTEC 300,170,Database Achitecture,7R1,CTEC 300.170 Database Achitecture,Scheduled,MW,Monday & Wednesday,7:00 PM,9:50 PM,Monday & Wednesday 7:00 PM to 9:50 PM,112,3,8,
CT04,R. Baptiste,"Baptiste, R.",CTEC 302.170,CTEC 302,170,Computer Networking,7R1,CTEC 302.170 Computer Networking,Scheduled,TR,Tuesday & Thursday,4:00 PM,6:50 PM,Tuesday & Thursday 4:00 PM to 6:50 PM,Dept,3,24,
CT04,R. Baptiste,"Baptiste, R.",CTEC 214.180,CTEC 214,180,Client Operating Systs,7R2,CTEC 214.180 Client Operating Systs,Scheduled,TR,Tuesday & Thursday,12:00 PM,3:40 PM,Tuesday & Thursday 12:00 PM to 3:40 PM,109,4,12,
CT04,R. Baptiste,"Baptiste, R.",CTEC 302.180,CTEC 302,180,Computer Networking,7R2,CTEC 302.180 Computer Networking,Scheduled,TR,Tuesday & Thursday,4:00 PM,6:50 PM,Tuesday & Thursday 4:00 PM to 6:50 PM,111,3,19,
CT05,Jesse Bemley,Bemley,CTEC 128.170,CTEC 128,170,Discrete Structures - Big Data,7R1,CTEC 128.170 Discrete Structures - Big Data,Scheduled,TR,Tuesday & Thursday,12:00 PM,2:50 PM,Tuesday & Thursday 12:00 PM to 2:50 PM,Online,3,16,
CT05,Jesse Bemley,"Bemley, Jesse",CTEC 671.555,CTEC 671,555,Smart Integrated Systems,7R1,CTEC 671.555 Smart Integrated Systems,Scheduled,TR,Tuesday & Thursday,4:00 PM,6:50 PM,Tuesday & Thursday 4:00 PM to 6:50 PM,Online,3,3,
CT05,Jesse Bemley,"Bemley, J",CTEC 298.180,CTEC 298,180,Symbolic Computation use BigDa,7R2,CTEC 298.180 Symbolic Computation use BigDa,Scheduled,TR,Tuesday & Thursday,4:00 PM,6:50 PM,Tuesday & Thursday 4:00 PM to 6:50 PM,108,3,5,
CT06,Staphord Bengesi,Staphord Bengesi,CTEC 111.171,CTEC 111,171,Cybersecurity for All,7R1,CTEC 111.171 Cybersecurity for All,Scheduled,MW,Monday & Wednesday,8:00 AM,10:50 AM,Monday & Wednesday 8:00 AM to 10:50 AM,Online,3,22,
CT06,Staphord Bengesi,Staphord Bengesi,CTEC 402.170,CTEC 402,170,Software and OS Security,7R1,CTEC 402.170 Software and OS Security,Scheduled,MW,Monday & Wednesday,7:00 PM,9:50 PM,Monday & Wednesday 7:00 PM to 9:50 PM,Online,3,16,
CT06,Staphord Bengesi,Staphord Bengesi,CTEC 445.180,CTEC 445,180,Fund of Cryptography & Applica,7R2,CTEC 445.180 Fund of Cryptography & Applica,Scheduled,MW,Monday & Wednesday,4:00 PM,6:50 PM,Monday & Wednesday 4:00 PM to 6:50 PM,109,3,9,
CT07,Marvin Bright,"Bright, Marvin",CTEC 720.555,CTEC 720,555,Master's Thesis Research I,7R2,CTEC 720.555 Master's Thesis Research I,Scheduled,MW,Monday & Wednesday,7:00 PM,9:50 PM,Monday & Wednesday 7:00 PM to 9:50 PM,Online,3,3,
CT07,Marvin Bright,"Bright, Marvin",CTEC 721.555,CTEC 721,555,Master's Thesis Research II,7R2,CTEC 721.555 Master's Thesis Research II,Scheduled,TR,Tuesday & Thursday,7:00 PM,9:50 PM,Tuesday & Thursday 7:00 PM to 9:50 PM *,Online,3,4,End time corrected from 9:50 AM to 9:50 PM
CT08,Adrian D. Carter,"Carter, Adrian D.",CTEC 445.170,CTEC 445,170,Fund of Cryptography & Applica,7R1,CTEC 445.170 Fund of Cryptography & Applica,Scheduled,MW,Monday & Wednesday,4:00 PM,6:50 PM,Monday & Wednesday 4:00 PM to 6:50 PM,111,3,17,
CT08,Adrian D. Carter,"Carter, Adrian D.",CTEC 450.170,CTEC 450,170,Case Studies in Comp Security,7R1,CTEC 450.170 Case Studies in Comp Security,Scheduled,MW,Monday & Wednesday,7:00 PM,9:50 PM,Monday & Wednesday 7:00 PM to 9:50 PM,111,3,11,
CT08,Adrian D. Carter,"Carter, Adrian D.",CTEC 424.555,CTEC 424,555,Database Administration,7R2,CTEC 424.555 Database Administration,Scheduled,TR,Tuesday & Thursday,7:00 PM,9:50 PM,Tuesday & Thursday 7:00 PM to 9:50 PM,Online,3,5,
CT09,Pierrot Chery,"Chery, Pierrot",CTEC 305.170,CTEC 305,170,Server Administration I,7R1,CTEC 305.170 Server Administration I,Scheduled,TR,Tuesday & Thursday,4:00 PM,6:50 PM,Tuesday & Thursday 4:00 PM to 6:50 PM,Dept,3,19,
CT09,Pierrot Chery,"Chery, Pierrot",CTEC 405.170,CTEC 405,170,Server Administration II,7R1,CTEC 405.170 Server Administration II,Scheduled,TR,Tuesday & Thursday,7:00 PM,9:50 PM,Tuesday & Thursday 7:00 PM to 9:50 PM,109,3,13,
CT09,Pierrot Chery,"Chery, Pierrot",CTEC 305.180,CTEC 305,180,Server Administration I,7R2,CTEC 305.180 Server Administration I,Scheduled,TR,Tuesday & Thursday,4:00 PM,6:50 PM,Tuesday & Thursday 4:00 PM to 6:50 PM,109,3,13,
CT10,Henri E. Cooper,Henri E. Cooper,CTEC 111.173,CTEC 111,173,Cybersecurity for All,7R1,CTEC 111.173 Cybersecurity for All,Scheduled,MW,Monday & Wednesday,4:00 PM,6:50 PM,Monday & Wednesday 4:00 PM to 6:50 PM,Online,3,22,
CT11,Loubna Dali,Loubna Dali,CTEC 111.170,CTEC 111,170,Cybersecurity for All,7R1,CTEC 111.170 Cybersecurity for All,Scheduled,TR,Tuesday & Thursday,9:00 AM,11:50 AM,Tuesday & Thursday 9:00 AM to 11:50 AM,Online,3,22,
CT11,Loubna Dali,Loubna Dali,CTEC 450.180,CTEC 450,180,Case Studies in Comp Security,7R2,CTEC 450.180 Case Studies in Comp Security,Scheduled,MW,Monday & Wednesday,7:00 PM,9:50 PM,Monday & Wednesday 7:00 PM to 9:50 PM,111,3,11,
CT12,Shawn Deal,"Deal, Shawn",CTEC 226.180,CTEC 226,180,Intro To Db Development,7R2,CTEC 226.180 Intro To Db Development,Scheduled,TR,Tuesday & Thursday,7:00 PM,9:50 PM,Tuesday & Thursday 7:00 PM to 9:50 PM,116,3,6,
CT13,Carl Dixon,"Dixon, Carl",CTEC 294.170,CTEC 294,170,PC Architecture,7R1,CTEC 294.170 PC Architecture,Scheduled,MW,Monday & Wednesday,4:00 PM,6:50 PM,Monday & Wednesday 4:00 PM to 6:50 PM,112,3,16,
CT13,Carl Dixon,"Dixon, Carl",CTEC 294.180,CTEC 294,180,PC Architecture,7R2,CTEC 294.180 PC Architecture,Scheduled,MW,Monday & Wednesday,4:00 PM,6:50 PM,Monday & Wednesday 4:00 PM to 6:50 PM,112,3,12,
CT14,Wilbert R. Francis,"Francis, Wilbert R.",CTEC 475.180,CTEC 475,180,Cloud Computing,7R2,CTEC 475.180 Cloud Computing,Scheduled,MW,Monday & Wednesday,7:00 PM,9:50 PM,Monday & Wednesday 7:00 PM to 9:50 PM,114,3,13,
CT15,Eugene T. Harris,Eugene Harris,CTEC 111.172,CTEC 111,172,Cybersecurity for All,7R1,CTEC 111.172 Cybersecurity for All,Scheduled,TR,Tuesday & Thursday,8:00 AM,10:50 AM,Tuesday & Thursday 8:00 AM to 10:50 AM,111,3,19,
CT15,Eugene T. Harris,Eugene T. Harris,CTEC 114.172,CTEC 114,172,Comp Tools & Environ,7R1,CTEC 114.172 Comp Tools & Environ,Scheduled,TR,Tuesday & Thursday,4:00 PM,6:50 PM,Tuesday & Thursday 4:00 PM to 6:50 PM,114,3,17,
CT16,Courtney Lamar,"Lamar, Courtney",CTEC 393.555,CTEC 393,555,Internet Prog II,7R2,CTEC 393.555 Internet Prog II,Scheduled,MW,Monday & Wednesday,4:00 PM,6:50 PM,Monday & Wednesday 4:00 PM to 6:50 PM,Online,3,6,
CT17,Victoria Lee,Victoria Lee,CTEC 114.170,CTEC 114,170,Comp Tools & Environ,7R1,CTEC 114.170 Comp Tools & Environ,Scheduled,MW,Monday & Wednesday,4:00 PM,6:50 PM,Monday & Wednesday 4:00 PM to 6:50 PM,116,3,23,
CT18,Stephanie R. Miller,"Miller, Stephanie R.",CTEC 426.170,CTEC 426,170,Expert Systems Using Big Data,7R1,CTEC 426.170 Expert Systems Using Big Data,Scheduled,MW,Monday & Wednesday,7:00 PM,9:50 PM,Monday & Wednesday 7:00 PM to 9:50 PM,114,3,3,
CT19,Felix Njeh,"Njeh, Felix",CTEC 651.555,CTEC 651,555,Internet of Things of Digital Res,7R1,CTEC 651.555 Internet of Things of Digital Res,Scheduled,MW,Monday & Wednesday,4:00 PM,6:50 PM,Monday & Wednesday 4:00 PM to 6:50 PM,Online,3,3,
CT20,Henry Okonofua,"Okonofua, Henry",CTEC 410.170,CTEC 410,170,Internet Technology,7R1,CTEC 410.170 Internet Technology,Scheduled,TR,Tuesday & Thursday,4:00 PM,6:50 PM,Tuesday & Thursday 4:00 PM to 6:50 PM,201,3,15,
CT20,Henry Okonofua,"Okonofua, Henry",CTEC 410.180,CTEC 410,180,Internet Technology,7R2,CTEC 410.180 Internet Technology,Scheduled,TR,Tuesday & Thursday,4:00 PM,6:50 PM,Tuesday & Thursday 4:00 PM to 6:50 PM,201,3,20,
CT21,Curtis Roberts,"Roberts, Curtis",CTEC 335.170,CTEC 335,170,Network Protocols (TCP/IP),7R1,CTEC 335.170 Network Protocols (TCP/IP),Scheduled,TR,Tuesday & Thursday,4:00 PM,6:50 PM,Tuesday & Thursday 4:00 PM to 6:50 PM,116,3,11,
CT21,Curtis Roberts,"Roberts, Curtis",CTEC 222.170,CTEC 222,170,Linux Operating System,7R1,CTEC 222.170 Linux Operating System,Scheduled,TR,Tuesday & Thursday,7:00 PM,9:50 PM,Tuesday & Thursday 7:00 PM to 9:50 PM,108,3,16,
CT21,Curtis Roberts,"Roberts, Curtis",CTEC 335.180,CTEC 335,180,Network Protocols (TCP/IP),7R2,CTEC 335.180 Network Protocols (TCP/IP),Scheduled,TR,Tuesday & Thursday,4:00 PM,6:50 PM,Tuesday & Thursday 4:00 PM to 6:50 PM,116,3,22,
CT22,Dr. D. B. Stone,"Dr. Stone, D. B.",CTEC 120.170,CTEC 120,170,Prin of SecureCoding Using Jav,7R1,CTEC 120.170 Prin of SecureCoding Using Jav,Scheduled,MW,Monday & Wednesday,12:00 PM,3:15 PM,Monday & Wednesday 12:00 PM to 3:15 PM *,116,4,2,End time corrected from 3:15 AM to 3:15 PM
CT22,Dr. D. B. Stone,"Dr. Stone, D. B.",CTEC 125.555,CTEC 125,555,Intro to Python programming,7R1,CTEC 125.555 Intro to Python programming,Asynchronous,,,,,Online asynchronous (no set time),Online,3,22,Online asynchronous - no scheduled meeting time
CT22,Dr. D. B. Stone,"Dr. Stone, D. B.",CTEC 324.555,CTEC 324,555,Database Appl Dev,7R2,CTEC 324.555 Database Appl Dev,Scheduled,MW,Monday & Wednesday,4:00 PM,6:50 PM,Monday & Wednesday 4:00 PM to 6:50 PM,online,3,2,
CT22,Dr. D. B. Stone,"Dr. Stone, D. B.",CTEC 125.556,CTEC 125,556,Intro to Python programming,7R2,CTEC 125.556 Intro to Python programming,Asynchronous,,,,,Online asynchronous (no set time),Online,3,22,Online asynchronous - no scheduled meeting time
CT23,Brett Tolbert,Brett Tolbert,CTEC 345.170,CTEC 345,170,Found of Comp and Network Secu,7R1,CTEC 345.170 Found of Comp and Network Secu,Scheduled,MW,Monday & Wednesday,5:00 PM,7:50 PM,Monday & Wednesday 5:00 PM to 7:50 PM,109,3,11,
CT23,Brett Tolbert,Brett Tolbert,CTEC 345.180,CTEC 345,180,Found of Comp and Network Secu,7R2,CTEC 345.180 Found of Comp and Network Secu,Scheduled,MW,Monday & Wednesday,5:00 PM,7:50 PM,Monday & Wednesday 5:00 PM to 7:50 PM,111,3,11,
CT24,J. Vega,"Vega, J.",CTEC 220.170,CTEC 220,170,Adv Secure Coding Using Java,7R1,CTEC 220.170 Adv Secure Coding Using Java,Scheduled,MW,Monday & Wednesday,11:00 AM,1:50 PM,Monday & Wednesday 11:00 AM to 1:50 PM,114,4,15,
CT24,J. Vega,"Vega, J.",CTEC 220.180,CTEC 220,180,Adv Secure Coding Using Java,7R2,CTEC 220.180 Adv Secure Coding Using Java,Scheduled,MW,Monday & Wednesday,11:00 AM,1:50 PM,Monday & Wednesday 11:00 AM to 1:50 PM,114,4,10,
CT24,J. Vega,"Vega, J.",CTEC 230.180,CTEC 230,180,Application of Data Structures,7R2,CTEC 230.180 Application of Data Structures,Scheduled,MW,Monday & Wednesday,4:00 PM,6:50 PM,Monday & Wednesday 4:00 PM to 6:50 PM,114,4,12,
CT25,Marcella J. Wilson,"Wilson, Marcella J.",CTEC 293.170,CTEC 293,170,Edge Technology,7R1,CTEC 293.170 Edge Technology,Scheduled,MW,Monday & Wednesday,4:00 PM,6:50 PM,Monday & Wednesday 4:00 PM to 6:50 PM,114,3,5,
CT25,Marcella J. Wilson,"Wilson, Marcella J.",CTEC 230.170,CTEC 230,170,Application of Data Structures,7R1,CTEC 230.170 Application of Data Structures,Scheduled,TR,Tuesday & Thursday,11:00 AM,2:40 PM,Tuesday & Thursday 11:00 AM to 2:40 PM,114,4,14,
CT25,Marcella J. Wilson,"Wilson, Marcella J.",CTEC 415.180,CTEC 415,180,Edge Computing,7R2,CTEC 415.180 Edge Computing,Scheduled,TR,Tuesday & Thursday,10:00 AM,12:50 PM,Tuesday & Thursday 10:00 AM to 12:50 PM,114,3,16,
CT25,Marcella J. Wilson,"Wilson, Marcella J.",CTEC 128.180,CTEC 128,180,Discrete Structures - Big Data,7R2,CTEC 128.180 Discrete Structures - Big Data,Scheduled,TR,Tuesday & Thursday,4:00 PM,6:50 PM,Tuesday & Thursday 4:00 PM to 6:50 PM,Online,3,9,
